{
  "run_name": "run_20251130_231349",
  "total_time_minutes": 1.8276448488235473,
  "total_iterations": 1,
  "best_fitness": 136.48285555437892,
  "fitness_history": [
    136.48285555437892
  ],
  "iterations": [
    {
      "iteration": 1,
      "time": 49.00509071350098,
      "best_fitness": 136.48285555437892,
      "best_median": 136.48285555437892,
      "best_p90": 160.83395838123474,
      "n_generations": 50,
      "timestamp": "2025-11-30T23:15:38.974875"
    }
  ]
}