QB,RB1,RB2,WR1,WR2,WR3,TE,FLEX,DEF,lineup_id,player_ids,total_salary,strategy,anchor_player,mean,median,std,p10,p80,p90,cvar_score
Jacoby Brissett,De'Von Achane,Christian McCaffrey,Tetairoa McMillan,Wan'Dale Robinson,Alec Pierce,Kyle Pitts Sr.,RJ Harvey,Los Angeles Rams,2,"123617-138820,123617-55050,123617-30231,123617-167620,123617-103539,123617-110484,123617-86312,123617-86080,123617-12538",59900,rb_anchor,De'Von Achane,126.74294531372212,121.71863593194641,27.013247116803225,98.33512436188559,148.55351985388887,159.360148950621,167.08021439149064
Jacoby Brissett,De'Von Achane,Christian McCaffrey,Tetairoa McMillan,Troy Franklin,Chimere Dike,Kyle Pitts Sr.,RJ Harvey,Seattle Seahawks,1,"123617-138820,123617-55050,123617-30231,123617-167620,123617-110484,123617-151903,123617-129112,123617-86080,123617-12550",59900,def_anchor,Seattle Seahawks,125.40529951653923,120.23239196267444,27.46459459050363,96.24785649161095,144.63641288891887,161.23828366067414,166.6030307468452
Bo Nix,De'Von Achane,TreVeyon Henderson,Jaylen Waddle,Tetairoa McMillan,Wan'Dale Robinson,Kyle Pitts Sr.,RJ Harvey,Los Angeles Rams,4,"123617-138820,123617-152647,123617-102965,123617-90573,123617-167620,123617-103539,123617-110484,123617-86080,123617-12538",60000,general,,127.55961132095159,124.17200517521715,25.51151960701829,98.35617451902944,150.02418709934557,161.83089907608047,166.3331920138273
Josh Allen,De'Von Achane,TreVeyon Henderson,Tetairoa McMillan,Wan'Dale Robinson,Alec Pierce,Kyle Pitts Sr.,RJ Harvey,Miami Dolphins,0,"123617-62239,123617-138820,123617-152647,123617-167620,123617-103539,123617-110484,123617-86312,123617-86080,123617-12539",59900,qb_anchor,Josh Allen,125.00109795993966,121.56932828994508,26.05028752132038,96.39905824019445,143.1955730671636,164.3593346092526,165.6549126469895
Jacoby Brissett,De'Von Achane,RJ Harvey,Puka Nacua,Wan'Dale Robinson,Troy Franklin,Kyle Pitts Sr.,Alec Pierce,Los Angeles Chargers,3,"123617-103020,123617-138820,123617-30231,123617-103539,123617-110484,123617-151903,123617-86312,123617-86080,123617-12548",59900,wr_anchor,Puka Nacua,121.6517509779842,117.00803665123799,26.349820602325156,93.8439842568026,140.96177240596808,162.7740289397792,164.30611027074775
