{
  "run_name": "run_20251201_181458",
  "total_time_minutes": 1.0079931298891702,
  "total_iterations": 1,
  "best_fitness": 129.62306820875176,
  "fitness_history": [
    129.62306820875176
  ],
  "iterations": [
    {
      "iteration": 1,
      "time": 38.82947301864624,
      "best_fitness": 129.62306820875176,
      "best_median": 129.62306820875176,
      "best_p90": 170.24304118561116,
      "n_generations": 30,
      "timestamp": "2025-12-01T18:15:59.334359"
    }
  ]
}