{
  "run_name": "run_20251202_005245",
  "total_time_minutes": 5.294841833909353,
  "total_iterations": 1,
  "best_fitness": 70.46193733978397,
  "fitness_history": [
    70.46193733978397
  ],
  "iterations": [
    {
      "iteration": 1,
      "time": 110.77078008651733,
      "best_fitness": 70.46193733978397,
      "best_median": 121.55885190006305,
      "best_p90": 163.57902886043178,
      "n_generations": 50,
      "timestamp": "2025-12-02T00:58:03.009462"
    }
  ]
}