QB,RB1,RB2,WR1,WR2,WR3,TE,FLEX,DEF,lineup_id,player_ids,total_salary,strategy,anchor_player,mean,median,std,p10,p80,p90,cvar_score
Jacoby Brissett,De'Von Achane,TreVeyon Henderson,Jaylen Waddle,Tetairoa McMillan,Khalil Shakir,Kyle Pitts Sr.,RJ Harvey,Los Angeles Chargers,2,"123617-138820,123617-152647,123617-30231,123617-90573,123617-167620,123617-86518,123617-110484,123617-86080,123617-12548",60000,rb_anchor,De'Von Achane,124.51977033718612,119.32168506546452,27.054753044709503,95.65931353669248,143.54739990310546,158.40660322572256,93.04212654255804
Jacoby Brissett,De'Von Achane,TreVeyon Henderson,Jaylen Waddle,Khalil Shakir,Troy Franklin,Kyle Pitts Sr.,RJ Harvey,Seattle Seahawks,1,"123617-138820,123617-152647,123617-30231,123617-90573,123617-86518,123617-110484,123617-151903,123617-86080,123617-12550",59900,def_anchor,Seattle Seahawks,123.07246421450824,118.50041355724242,26.470929514508644,94.41811544211383,143.5811638432168,156.85888235543786,92.20087766339704
Josh Allen,Christian McCaffrey,Kimani Vidal,Jaylen Waddle,Courtland Sutton,Alec Pierce,Kyle Pitts Sr.,RJ Harvey,Los Angeles Chargers,0,"123617-62239,123617-55050,123617-90573,123617-128633,123617-57403,123617-110484,123617-86312,123617-86080,123617-12548",60000,qb_anchor,Josh Allen,120.99518071991059,114.86577329246178,26.992047784985893,92.34657241879235,141.35189292814053,154.03960100207348,90.8162739350431
