{
  "run_name": "run_20251201_220150",
  "total_time_minutes": 8.028492784500122,
  "total_iterations": 1,
  "best_fitness": 184.4705886515094,
  "fitness_history": [
    184.4705886515094
  ],
  "iterations": [
    {
      "iteration": 1,
      "time": 268.39828991889954,
      "best_fitness": 184.4705886515094,
      "best_median": 140.62094348916662,
      "best_p90": 184.4705886515094,
      "n_generations": 50,
      "timestamp": "2025-12-01T22:09:52.414768"
    }
  ]
}