{
  "run_name": "run_20251130_222727",
  "total_time_minutes": 2.0399555842081707,
  "total_iterations": 1,
  "best_fitness": 137.07341797774387,
  "fitness_history": [
    137.07341797774387
  ],
  "iterations": [
    {
      "iteration": 1,
      "time": 60.875027894973755,
      "best_fitness": 137.07341797774387,
      "best_median": 137.07341797774387,
      "best_p90": 164.79739572852276,
      "n_generations": 50,
      "timestamp": "2025-11-30T22:29:30.268347"
    }
  ]
}