{
  "phase_1_complete": true,
  "phase_2_complete": true,
  "iterations": [
    {
      "iteration": 1,
      "time": 117.02166175842285,
      "best_fitness": 70.16337456773624,
      "best_median": 122.32131311084575,
      "best_p90": 163.34576909139557,
      "n_generations": 50,
      "timestamp": "2025-12-02T00:21:59.523212"
    }
  ],
  "best_fitness_history": [
    70.16337456773624
  ],
  "convergence_count": 0,
  "total_time": 331.5649881362915,
  "phase_1_time": 169.09897589683533,
  "n_candidates": 200,
  "phase_2_time": 45.433079957962036,
  "n_simulations": 5000
}