{
  "run_name": "run_20251130_232552",
  "total_time_minutes": 1.2949599385261537,
  "total_iterations": 1,
  "best_fitness": 134.84234476806571,
  "fitness_history": [
    134.84234476806571
  ],
  "iterations": [
    {
      "iteration": 1,
      "time": 17.640270948410034,
      "best_fitness": 134.84234476806571,
      "best_median": 134.84234476806571,
      "best_p90": 164.74296118767268,
      "n_generations": 50,
      "timestamp": "2025-11-30T23:27:10.366151"
    }
  ]
}