QB,RB1,RB2,WR1,WR2,WR3,TE,FLEX,DEF,lineup_id,player_ids,total_salary,strategy,anchor_player,mean,median,std,p10,p80,p90,cvar_score
C.J. Stroud,De'Von Achane,Christian McCaffrey,Jaylen Waddle,Tetairoa McMillan,Alec Pierce,Kyle Pitts Sr.,RJ Harvey,Los Angeles Chargers,0,"123617-138820,123617-55050,123617-90573,123617-129471,123617-167620,123617-110484,123617-86312,123617-86080,123617-12548",59600,general,,129.0421331405771,122.77494157708489,28.837525015553762,100.99807275413858,147.6743987984462,163.94599191846441,172.91417517680713
