QB,RB1,RB2,WR1,WR2,WR3,TE,FLEX,DEF,lineup_id,player_ids,total_salary,strategy,anchor_player,mean,median,std,p10,p80,p90,cvar_score
Bo Nix,De'Von Achane,Christian McCaffrey,Tetairoa McMillan,Wan'Dale Robinson,Troy Franklin,Kyle Pitts Sr.,RJ Harvey,Los Angeles Chargers,2,"123617-138820,123617-55050,123617-102965,123617-167620,123617-103539,123617-110484,123617-151903,123617-86080,123617-12548",60000,rb_anchor,De'Von Achane,127.08168056659598,124.41749708072462,27.327902319495927,96.07792095139284,147.90126387379445,163.3784571335985,94.2701849979219
Trevor Lawrence,De'Von Achane,Christian McCaffrey,Tetairoa McMillan,Wan'Dale Robinson,Troy Franklin,Kyle Pitts Sr.,RJ Harvey,Los Angeles Chargers,4,"123617-138820,123617-55050,123617-89951,123617-167620,123617-103539,123617-110484,123617-151903,123617-86080,123617-12548",59800,general,,126.47312527013884,122.38162391951374,27.734688752492332,96.06061206428508,146.19888440968123,161.46799300962118,93.8815734979795
Matthew Stafford,De'Von Achane,Christian McCaffrey,Wan'Dale Robinson,Khalil Shakir,Tre Tucker,Kyle Pitts Sr.,RJ Harvey,Seattle Seahawks,1,"123617-138820,123617-55050,123617-6654,123617-103539,123617-86518,123617-110484,123617-103619,123617-86080,123617-12550",60000,def_anchor,Seattle Seahawks,126.0143926724088,122.01758573063196,27.672670492400247,94.79805391772597,146.28405302105875,160.42200985302847,92.69556916010755
Josh Allen,De'Von Achane,Christian McCaffrey,Troy Franklin,Chimere Dike,Tre Tucker,Kyle Pitts Sr.,RJ Harvey,Los Angeles Chargers,0,"123617-62239,123617-138820,123617-55050,123617-110484,123617-151903,123617-129112,123617-103619,123617-86080,123617-12548",60000,qb_anchor,Josh Allen,125.09864021045236,122.05521801203162,27.53853022981586,93.95092964680376,145.56595459467053,161.64030151786835,92.22664114013013
Trevor Lawrence,De'Von Achane,Christian McCaffrey,Puka Nacua,Troy Franklin,Tre Tucker,Kyle Pitts Sr.,RJ Harvey,Tennessee Titans,3,"123617-103020,123617-138820,123617-55050,123617-89951,123617-110484,123617-151903,123617-103619,123617-86080,123617-12534",60000,wr_anchor,Puka Nacua,122.53868731556688,117.90597434998297,27.49910572821372,92.01686122384397,144.0358931450018,158.42585877565764,89.64796002505388
